<?xml version="1.0" encoding="UTF-8"?>
<project-private xmlns="http://www.netbeans.org/ns/project-private/1">
    <editor-bookmarks xmlns="http://www.netbeans.org/ns/editor-bookmarks/2" lastBookmarkId="0"/>
    <open-files xmlns="http://www.netbeans.org/ns/projectui-open-files/2">
        <group>
            <file>file:/C:/Users/Francis/Desktop/Travail/2eme%20Année%20DUT/3eme%20semestre/M3202%20-%20Modélisations%20mathématiques/Phase%201/LaMine/IUT_Modelisation_S3/ALaMine/src/alamine/Etats/Taverne.java</file>
            <file>file:/C:/Users/Francis/Desktop/Travail/2eme%20Année%20DUT/3eme%20semestre/M3202%20-%20Modélisations%20mathématiques/Phase%201/LaMine/IUT_Modelisation_S3/ALaMine/src/alamine/ALaMine.java</file>
            <file>file:/C:/Users/Francis/Desktop/Travail/2eme%20Année%20DUT/3eme%20semestre/M3202%20-%20Modélisations%20mathématiques/Phase%201/LaMine/IUT_Modelisation_S3/ALaMine/src/alamine/Etats/Mine.java</file>
        </group>
    </open-files>
</project-private>
